RMSD Description,RMSD Value
rmsd #1/A:5@Ca to #1/F:6@Ca,16.268
rmsd #1/F:5@Ca to #1/A:6@Ca,16.224
rmsd #1/A:5@Ca to #1/F:7@Ca,16.979
rmsd #1/F:5@Ca to #1/A:7@Ca,16.998
rmsd #1/A:5@Ca to #1/F:8@Ca,13.966
rmsd #1/F:5@Ca to #1/A:8@Ca,14.001
rmsd #1/A:5@Ca to #1/F:9@Ca,15.156
rmsd #1/F:5@Ca to #1/A:9@Ca,15.284
rmsd #1/A:5@Ca to #1/F:10@Ca,18.624
rmsd #1/F:5@Ca to #1/A:10@Ca,18.758
rmsd #1/A:5@Ca to #1/F:11@Ca,18.196
rmsd #1/F:5@Ca to #1/A:11@Ca,18.293
rmsd #1/A:5@Ca to #1/F:12@Ca,16.540
rmsd #1/F:5@Ca to #1/A:12@Ca,16.652
rmsd #1/A:5@Ca to #1/F:13@Ca,19.663
rmsd #1/F:5@Ca to #1/A:13@Ca,19.757
rmsd #1/A:5@Ca to #1/F:14@Ca,21.924
rmsd #1/F:5@Ca to #1/A:14@Ca,22.048
rmsd #1/A:5@Ca to #1/F:15@Ca,20.945
rmsd #1/F:5@Ca to #1/A:15@Ca,21.042
rmsd #1/A:5@Ca to #1/F:16@Ca,22.094
rmsd #1/F:5@Ca to #1/A:16@Ca,22.157
rmsd #1/A:5@Ca to #1/F:17@Ca,25.174
rmsd #1/F:5@Ca to #1/A:17@Ca,25.275
rmsd #1/A:5@Ca to #1/F:18@Ca,26.096
rmsd #1/F:5@Ca to #1/A:18@Ca,26.168
rmsd #1/A:5@Ca to #1/F:19@Ca,25.971
rmsd #1/F:5@Ca to #1/A:19@Ca,25.927
rmsd #1/A:5@Ca to #1/F:20@Ca,28.157
rmsd #1/F:5@Ca to #1/A:20@Ca,28.180
rmsd #1/A:5@Ca to #1/F:21@Ca,30.532
rmsd #1/F:5@Ca to #1/A:21@Ca,30.607
rmsd #1/A:5@Ca to #1/F:22@Ca,30.936
rmsd #1/F:5@Ca to #1/A:22@Ca,30.742
rmsd #1/A:5@Ca to #1/F:23@Ca,29.544
rmsd #1/F:5@Ca to #1/A:23@Ca,29.550
rmsd #1/A:5@Ca to #1/F:26@Ca,26.661
rmsd #1/F:5@Ca to #1/A:26@Ca,26.564
rmsd #1/A:5@Ca to #1/F:27@Ca,23.638
rmsd #1/F:5@Ca to #1/A:27@Ca,23.550
rmsd #1/A:5@Ca to #1/F:28@Ca,23.413
rmsd #1/F:5@Ca to #1/A:28@Ca,23.309
rmsd #1/A:5@Ca to #1/F:29@Ca,23.613
rmsd #1/F:5@Ca to #1/A:29@Ca,23.647
rmsd #1/A:5@Ca to #1/F:30@Ca,21.017
rmsd #1/F:5@Ca to #1/A:30@Ca,21.064
rmsd #1/A:5@Ca to #1/F:31@Ca,18.558
rmsd #1/F:5@Ca to #1/A:31@Ca,18.566
rmsd #1/A:5@Ca to #1/F:32@Ca,19.321
rmsd #1/F:5@Ca to #1/A:32@Ca,19.348
rmsd #1/A:5@Ca to #1/F:33@Ca,18.752
rmsd #1/F:5@Ca to #1/A:33@Ca,18.773
rmsd #1/A:5@Ca to #1/F:34@Ca,15.341
rmsd #1/F:5@Ca to #1/A:34@Ca,15.361
rmsd #1/A:5@Ca to #1/F:35@Ca,14.531
rmsd #1/F:5@Ca to #1/A:35@Ca,14.546
rmsd #1/A:5@Ca to #1/F:36@Ca,15.853
rmsd #1/F:5@Ca to #1/A:36@Ca,15.806
rmsd #1/A:5@Ca to #1/F:37@Ca,13.991
rmsd #1/F:5@Ca to #1/A:37@Ca,13.933
rmsd #1/A:5@Ca to #1/F:38@Ca,10.577
rmsd #1/F:5@Ca to #1/A:38@Ca,10.525
rmsd #1/A:5@Ca to #1/F:39@Ca,12.077
rmsd #1/F:5@Ca to #1/A:39@Ca,12.007
rmsd #1/A:5@Ca to #1/F:40@Ca,13.214
rmsd #1/F:5@Ca to #1/A:40@Ca,12.962
rmsd #1/A:5@Ca to #1/F:41@Ca,10.130
rmsd #1/F:5@Ca to #1/A:41@Ca,10.023
rmsd #1/A:5@Ca to #1/F:42@Ca,7.303
rmsd #1/F:5@Ca to #1/A:42@Ca,7.492
rmsd #1/A:6@Ca to #1/F:7@Ca,20.135
rmsd #1/F:6@Ca to #1/A:7@Ca,20.213
rmsd #1/A:6@Ca to #1/F:8@Ca,17.029
rmsd #1/F:6@Ca to #1/A:8@Ca,17.091
rmsd #1/A:6@Ca to #1/F:9@Ca,18.501
rmsd #1/F:6@Ca to #1/A:9@Ca,18.606
rmsd #1/A:6@Ca to #1/F:10@Ca,21.820
rmsd #1/F:6@Ca to #1/A:10@Ca,21.944
rmsd #1/A:6@Ca to #1/F:11@Ca,20.945
rmsd #1/F:6@Ca to #1/A:11@Ca,21.040
rmsd #1/A:6@Ca to #1/F:12@Ca,19.251
rmsd #1/F:6@Ca to #1/A:12@Ca,19.314
rmsd #1/A:6@Ca to #1/F:13@Ca,22.567
rmsd #1/F:6@Ca to #1/A:13@Ca,22.600
rmsd #1/A:6@Ca to #1/F:14@Ca,24.601
rmsd #1/F:6@Ca to #1/A:14@Ca,24.685
rmsd #1/A:6@Ca to #1/F:15@Ca,23.187
rmsd #1/F:6@Ca to #1/A:15@Ca,23.227
rmsd #1/A:6@Ca to #1/F:16@Ca,24.416
rmsd #1/F:6@Ca to #1/A:16@Ca,24.398
rmsd #1/A:6@Ca to #1/F:17@Ca,27.678
rmsd #1/F:6@Ca to #1/A:17@Ca,27.703
rmsd #1/A:6@Ca to #1/F:18@Ca,28.269
rmsd #1/F:6@Ca to #1/A:18@Ca,28.277
rmsd #1/A:6@Ca to #1/F:19@Ca,27.848
rmsd #1/F:6@Ca to #1/A:19@Ca,27.715
rmsd #1/A:6@Ca to #1/F:20@Ca,30.283
rmsd #1/F:6@Ca to #1/A:20@Ca,30.202
rmsd #1/A:6@Ca to #1/F:21@Ca,32.677
rmsd #1/F:6@Ca to #1/A:21@Ca,32.646
rmsd #1/A:6@Ca to #1/F:22@Ca,32.690
rmsd #1/F:6@Ca to #1/A:22@Ca,32.383
rmsd #1/A:6@Ca to #1/F:23@Ca,31.274
rmsd #1/F:6@Ca to #1/A:23@Ca,31.215
rmsd #1/A:6@Ca to #1/F:26@Ca,28.384
rmsd #1/F:6@Ca to #1/A:26@Ca,28.269
rmsd #1/A:6@Ca to #1/F:27@Ca,25.268
rmsd #1/F:6@Ca to #1/A:27@Ca,25.137
rmsd #1/A:6@Ca to #1/F:28@Ca,24.583
rmsd #1/F:6@Ca to #1/A:28@Ca,24.466
rmsd #1/A:6@Ca to #1/F:29@Ca,25.048
rmsd #1/F:6@Ca to #1/A:29@Ca,25.112
rmsd #1/A:6@Ca to #1/F:30@Ca,22.875
rmsd #1/F:6@Ca to #1/A:30@Ca,22.941
rmsd #1/A:6@Ca to #1/F:31@Ca,19.994
rmsd #1/F:6@Ca to #1/A:31@Ca,20.013
rmsd #1/A:6@Ca to #1/F:32@Ca,20.471
rmsd #1/F:6@Ca to #1/A:32@Ca,20.556
rmsd #1/A:6@Ca to #1/F:33@Ca,20.499
rmsd #1/F:6@Ca to #1/A:33@Ca,20.594
rmsd #1/A:6@Ca to #1/F:34@Ca,17.276
rmsd #1/F:6@Ca to #1/A:34@Ca,17.345
rmsd #1/A:6@Ca to #1/F:35@Ca,15.707
rmsd #1/F:6@Ca to #1/A:35@Ca,15.796
rmsd #1/A:6@Ca to #1/F:36@Ca,17.172
rmsd #1/F:6@Ca to #1/A:36@Ca,17.240
rmsd #1/A:6@Ca to #1/F:37@Ca,16.045
rmsd #1/F:6@Ca to #1/A:37@Ca,16.105
rmsd #1/A:6@Ca to #1/F:38@Ca,12.356
rmsd #1/F:6@Ca to #1/A:38@Ca,12.412
rmsd #1/A:6@Ca to #1/F:39@Ca,13.049
rmsd #1/F:6@Ca to #1/A:39@Ca,13.094
rmsd #1/A:6@Ca to #1/F:40@Ca,14.845
rmsd #1/F:6@Ca to #1/A:40@Ca,14.720
rmsd #1/A:6@Ca to #1/F:41@Ca,12.398
rmsd #1/F:6@Ca to #1/A:41@Ca,12.444
rmsd #1/A:6@Ca to #1/F:42@Ca,8.871
rmsd #1/F:6@Ca to #1/A:42@Ca,9.132
rmsd #1/A:7@Ca to #1/F:8@Ca,16.893
rmsd #1/F:7@Ca to #1/A:8@Ca,16.887
rmsd #1/A:7@Ca to #1/F:9@Ca,17.958
rmsd #1/F:7@Ca to #1/A:9@Ca,18.002
rmsd #1/A:7@Ca to #1/F:10@Ca,21.217
rmsd #1/F:7@Ca to #1/A:10@Ca,21.288
rmsd #1/A:7@Ca to #1/F:11@Ca,20.107
rmsd #1/F:7@Ca to #1/A:11@Ca,20.140
rmsd #1/A:7@Ca to #1/F:12@Ca,17.873
rmsd #1/F:7@Ca to #1/A:12@Ca,17.886
rmsd #1/A:7@Ca to #1/F:13@Ca,21.086
rmsd #1/F:7@Ca to #1/A:13@Ca,21.070
rmsd #1/A:7@Ca to #1/F:14@Ca,23.199
rmsd #1/F:7@Ca to #1/A:14@Ca,23.216
rmsd #1/A:7@Ca to #1/F:15@Ca,21.383
rmsd #1/F:7@Ca to #1/A:15@Ca,21.353
rmsd #1/A:7@Ca to #1/F:16@Ca,22.246
rmsd #1/F:7@Ca to #1/A:16@Ca,22.178
rmsd #1/A:7@Ca to #1/F:17@Ca,25.729
rmsd #1/F:7@Ca to #1/A:17@Ca,25.692
rmsd #1/A:7@Ca to #1/F:18@Ca,26.320
rmsd #1/F:7@Ca to #1/A:18@Ca,26.252
rmsd #1/A:7@Ca to #1/F:19@Ca,25.465
rmsd #1/F:7@Ca to #1/A:19@Ca,25.263
rmsd #1/A:7@Ca to #1/F:20@Ca,27.854
rmsd #1/F:7@Ca to #1/A:20@Ca,27.705
rmsd #1/A:7@Ca to #1/F:21@Ca,30.467
rmsd #1/F:7@Ca to #1/A:21@Ca,30.341
rmsd #1/A:7@Ca to #1/F:22@Ca,30.288
rmsd #1/F:7@Ca to #1/A:22@Ca,29.889
rmsd #1/A:7@Ca to #1/F:23@Ca,29.179
rmsd #1/F:7@Ca to #1/A:23@Ca,29.038
rmsd #1/A:7@Ca to #1/F:26@Ca,26.786
rmsd #1/F:7@Ca to #1/A:26@Ca,26.590
rmsd #1/A:7@Ca to #1/F:27@Ca,23.412
rmsd #1/F:7@Ca to #1/A:27@Ca,23.199
rmsd #1/A:7@Ca to #1/F:28@Ca,22.881
rmsd #1/F:7@Ca to #1/A:28@Ca,22.698
rmsd #1/A:7@Ca to #1/F:29@Ca,23.871
rmsd #1/F:7@Ca to #1/A:29@Ca,23.860
rmsd #1/A:7@Ca to #1/F:30@Ca,21.711
rmsd #1/F:7@Ca to #1/A:30@Ca,21.709
rmsd #1/A:7@Ca to #1/F:31@Ca,18.593
rmsd #1/F:7@Ca to #1/A:31@Ca,18.555
rmsd #1/A:7@Ca to #1/F:32@Ca,19.618
rmsd #1/F:7@Ca to #1/A:32@Ca,19.642
rmsd #1/A:7@Ca to #1/F:33@Ca,20.063
rmsd #1/F:7@Ca to #1/A:33@Ca,20.104
rmsd #1/A:7@Ca to #1/F:34@Ca,16.649
rmsd #1/F:7@Ca to #1/A:34@Ca,16.664
rmsd #1/A:7@Ca to #1/F:35@Ca,15.261
rmsd #1/F:7@Ca to #1/A:35@Ca,15.276
rmsd #1/A:7@Ca to #1/F:36@Ca,17.492
rmsd #1/F:7@Ca to #1/A:36@Ca,17.495
rmsd #1/A:7@Ca to #1/F:37@Ca,16.575
rmsd #1/F:7@Ca to #1/A:37@Ca,16.571
rmsd #1/A:7@Ca to #1/F:38@Ca,12.843
rmsd #1/F:7@Ca to #1/A:38@Ca,12.835
rmsd #1/A:7@Ca to #1/F:39@Ca,14.209
rmsd #1/F:7@Ca to #1/A:39@Ca,14.147
rmsd #1/A:7@Ca to #1/F:40@Ca,16.484
rmsd #1/F:7@Ca to #1/A:40@Ca,16.296
rmsd #1/A:7@Ca to #1/F:41@Ca,14.122
rmsd #1/F:7@Ca to #1/A:41@Ca,14.116
rmsd #1/A:7@Ca to #1/F:42@Ca,10.895
rmsd #1/F:7@Ca to #1/A:42@Ca,11.201
rmsd #1/A:8@Ca to #1/F:9@Ca,14.739
rmsd #1/F:8@Ca to #1/A:9@Ca,14.795
rmsd #1/A:8@Ca to #1/F:10@Ca,17.800
rmsd #1/F:8@Ca to #1/A:10@Ca,17.874
rmsd #1/A:8@Ca to #1/F:11@Ca,16.475
rmsd #1/F:8@Ca to #1/A:11@Ca,16.511
rmsd #1/A:8@Ca to #1/F:12@Ca,14.493
rmsd #1/F:8@Ca to #1/A:12@Ca,14.510
rmsd #1/A:8@Ca to #1/F:13@Ca,17.908
rmsd #1/F:8@Ca to #1/A:13@Ca,17.903
rmsd #1/A:8@Ca to #1/F:14@Ca,19.769
rmsd #1/F:8@Ca to #1/A:14@Ca,19.799
rmsd #1/A:8@Ca to #1/F:15@Ca,18.043
rmsd #1/F:8@Ca to #1/A:15@Ca,18.028
rmsd #1/A:8@Ca to #1/F:16@Ca,19.275
rmsd #1/F:8@Ca to #1/A:16@Ca,19.228
rmsd #1/A:8@Ca to #1/F:17@Ca,22.612
rmsd #1/F:8@Ca to #1/A:17@Ca,22.596
rmsd #1/A:8@Ca to #1/F:18@Ca,23.059
rmsd #1/F:8@Ca to #1/A:18@Ca,23.011
rmsd #1/A:8@Ca to #1/F:19@Ca,22.520
rmsd #1/F:8@Ca to #1/A:19@Ca,22.344
rmsd #1/A:8@Ca to #1/F:20@Ca,25.041
rmsd #1/F:8@Ca to #1/A:20@Ca,24.928
rmsd #1/A:8@Ca to #1/F:21@Ca,27.413
rmsd #1/F:8@Ca to #1/A:21@Ca,27.330
rmsd #1/A:8@Ca to #1/F:22@Ca,27.337
rmsd #1/F:8@Ca to #1/A:22@Ca,26.981
rmsd #1/A:8@Ca to #1/F:23@Ca,25.977
rmsd #1/F:8@Ca to #1/A:23@Ca,25.856
rmsd #1/A:8@Ca to #1/F:26@Ca,23.297
rmsd #1/F:8@Ca to #1/A:26@Ca,23.105
rmsd #1/A:8@Ca to #1/F:27@Ca,20.052
rmsd #1/F:8@Ca to #1/A:27@Ca,19.850
rmsd #1/A:8@Ca to #1/F:28@Ca,19.539
rmsd #1/F:8@Ca to #1/A:28@Ca,19.350
rmsd #1/A:8@Ca to #1/F:29@Ca,20.277
rmsd #1/F:8@Ca to #1/A:29@Ca,20.256
rmsd #1/A:8@Ca to #1/F:30@Ca,18.032
rmsd #1/F:8@Ca to #1/A:30@Ca,18.024
rmsd #1/A:8@Ca to #1/F:31@Ca,15.033
rmsd #1/F:8@Ca to #1/A:31@Ca,14.981
rmsd #1/A:8@Ca to #1/F:32@Ca,16.022
rmsd #1/F:8@Ca to #1/A:32@Ca,16.026
rmsd #1/A:8@Ca to #1/F:33@Ca,16.281
rmsd #1/F:8@Ca to #1/A:33@Ca,16.310
rmsd #1/A:8@Ca to #1/F:34@Ca,12.845
rmsd #1/F:8@Ca to #1/A:34@Ca,12.852
rmsd #1/A:8@Ca to #1/F:35@Ca,11.598
rmsd #1/F:8@Ca to #1/A:35@Ca,11.593
rmsd #1/A:8@Ca to #1/F:36@Ca,13.882
rmsd #1/F:8@Ca to #1/A:36@Ca,13.870
rmsd #1/A:8@Ca to #1/F:37@Ca,12.902
rmsd #1/F:8@Ca to #1/A:37@Ca,12.892
rmsd #1/A:8@Ca to #1/F:38@Ca,9.224
rmsd #1/F:8@Ca to #1/A:38@Ca,9.208
rmsd #1/A:8@Ca to #1/F:39@Ca,11.032
rmsd #1/F:8@Ca to #1/A:39@Ca,10.951
rmsd #1/A:8@Ca to #1/F:40@Ca,13.371
rmsd #1/F:8@Ca to #1/A:40@Ca,13.186
rmsd #1/A:8@Ca to #1/F:41@Ca,11.163
rmsd #1/F:8@Ca to #1/A:41@Ca,11.162
rmsd #1/A:8@Ca to #1/F:42@Ca,8.355
rmsd #1/F:8@Ca to #1/A:42@Ca,8.731
rmsd #1/A:9@Ca to #1/F:10@Ca,19.706
rmsd #1/F:9@Ca to #1/A:10@Ca,19.710
rmsd #1/A:9@Ca to #1/F:11@Ca,18.064
rmsd #1/F:9@Ca to #1/A:11@Ca,18.042
rmsd #1/A:9@Ca to #1/F:12@Ca,16.724
rmsd #1/F:9@Ca to #1/A:12@Ca,16.688
rmsd #1/A:9@Ca to #1/F:13@Ca,20.376
rmsd #1/F:9@Ca to #1/A:13@Ca,20.323
rmsd #1/A:9@Ca to #1/F:14@Ca,21.755
rmsd #1/F:9@Ca to #1/A:14@Ca,21.749
rmsd #1/A:9@Ca to #1/F:15@Ca,20.008
rmsd #1/F:9@Ca to #1/A:15@Ca,19.975
rmsd #1/A:9@Ca to #1/F:16@Ca,21.763
rmsd #1/F:9@Ca to #1/A:16@Ca,21.707
rmsd #1/A:9@Ca to #1/F:17@Ca,24.940
rmsd #1/F:9@Ca to #1/A:17@Ca,24.906
rmsd #1/A:9@Ca to #1/F:18@Ca,24.952
rmsd #1/F:9@Ca to #1/A:18@Ca,24.894
rmsd #1/A:9@Ca to #1/F:19@Ca,24.618
rmsd #1/F:9@Ca to #1/A:19@Ca,24.449
rmsd #1/A:9@Ca to #1/F:20@Ca,27.447
rmsd #1/F:9@Ca to #1/A:20@Ca,27.341
rmsd #1/A:9@Ca to #1/F:21@Ca,29.497
rmsd #1/F:9@Ca to #1/A:21@Ca,29.412
rmsd #1/A:9@Ca to #1/F:22@Ca,29.206
rmsd #1/F:9@Ca to #1/A:22@Ca,28.855
rmsd #1/A:9@Ca to #1/F:23@Ca,27.471
rmsd #1/F:9@Ca to #1/A:23@Ca,27.345
rmsd #1/A:9@Ca to #1/F:26@Ca,24.288
rmsd #1/F:9@Ca to #1/A:26@Ca,24.084
rmsd #1/A:9@Ca to #1/F:27@Ca,21.305
rmsd #1/F:9@Ca to #1/A:27@Ca,21.100
rmsd #1/A:9@Ca to #1/F:28@Ca,20.162
rmsd #1/F:9@Ca to #1/A:28@Ca,19.960
rmsd #1/A:9@Ca to #1/F:29@Ca,20.606
rmsd #1/F:9@Ca to #1/A:29@Ca,20.570
rmsd #1/A:9@Ca to #1/F:30@Ca,18.848
rmsd #1/F:9@Ca to #1/A:30@Ca,18.814
rmsd #1/A:9@Ca to #1/F:31@Ca,15.752
rmsd #1/F:9@Ca to #1/A:31@Ca,15.676
rmsd #1/A:9@Ca to #1/F:32@Ca,15.856
rmsd #1/F:9@Ca to #1/A:32@Ca,15.830
rmsd #1/A:9@Ca to #1/F:33@Ca,16.339
rmsd #1/F:9@Ca to #1/A:33@Ca,16.313
rmsd #1/A:9@Ca to #1/F:34@Ca,13.417
rmsd #1/F:9@Ca to #1/A:34@Ca,13.374
rmsd #1/A:9@Ca to #1/F:35@Ca,11.221
rmsd #1/F:9@Ca to #1/A:35@Ca,11.190
rmsd #1/A:9@Ca to #1/F:36@Ca,12.940
rmsd #1/F:9@Ca to #1/A:36@Ca,12.869
rmsd #1/A:9@Ca to #1/F:37@Ca,12.618
rmsd #1/F:9@Ca to #1/A:37@Ca,12.546
rmsd #1/A:9@Ca to #1/F:38@Ca,8.841
rmsd #1/F:9@Ca to #1/A:38@Ca,8.757
rmsd #1/A:9@Ca to #1/F:39@Ca,9.279
rmsd #1/F:9@Ca to #1/A:39@Ca,9.111
rmsd #1/A:9@Ca to #1/F:40@Ca,12.023
rmsd #1/F:9@Ca to #1/A:40@Ca,11.715
rmsd #1/A:9@Ca to #1/F:41@Ca,10.541
rmsd #1/F:9@Ca to #1/A:41@Ca,10.446
rmsd #1/A:9@Ca to #1/F:42@Ca,7.109
rmsd #1/F:9@Ca to #1/A:42@Ca,7.243
rmsd #1/A:10@Ca to #1/F:11@Ca,20.591
rmsd #1/F:10@Ca to #1/A:11@Ca,20.553
rmsd #1/A:10@Ca to #1/F:12@Ca,18.840
rmsd #1/F:10@Ca to #1/A:12@Ca,18.805
rmsd #1/A:10@Ca to #1/F:13@Ca,22.408
rmsd #1/F:10@Ca to #1/A:13@Ca,22.362
rmsd #1/A:10@Ca to #1/F:14@Ca,23.794
rmsd #1/F:10@Ca to #1/A:14@Ca,23.771
rmsd #1/A:10@Ca to #1/F:15@Ca,21.575
rmsd #1/F:10@Ca to #1/A:15@Ca,21.519
rmsd #1/A:10@Ca to #1/F:16@Ca,23.022
rmsd #1/F:10@Ca to #1/A:16@Ca,22.973
rmsd #1/A:10@Ca to #1/F:17@Ca,26.436
rmsd #1/F:10@Ca to #1/A:17@Ca,26.393
rmsd #1/A:10@Ca to #1/F:18@Ca,26.306
rmsd #1/F:10@Ca to #1/A:18@Ca,26.219
rmsd #1/A:10@Ca to #1/F:19@Ca,25.451
rmsd #1/F:10@Ca to #1/A:19@Ca,25.261
rmsd #1/A:10@Ca to #1/F:20@Ca,28.338
rmsd #1/F:10@Ca to #1/A:20@Ca,28.216
rmsd #1/A:10@Ca to #1/F:21@Ca,30.577
rmsd #1/F:10@Ca to #1/A:21@Ca,30.439
rmsd #1/A:10@Ca to #1/F:22@Ca,29.908
rmsd #1/F:10@Ca to #1/A:22@Ca,29.498
rmsd #1/A:10@Ca to #1/F:23@Ca,28.431
rmsd #1/F:10@Ca to #1/A:23@Ca,28.259
rmsd #1/A:10@Ca to #1/F:26@Ca,25.675
rmsd #1/F:10@Ca to #1/A:26@Ca,25.424
rmsd #1/A:10@Ca to #1/F:27@Ca,22.475
rmsd #1/F:10@Ca to #1/A:27@Ca,22.223
rmsd #1/A:10@Ca to #1/F:28@Ca,21.159
rmsd #1/F:10@Ca to #1/A:28@Ca,20.913
rmsd #1/A:10@Ca to #1/F:29@Ca,22.184
rmsd #1/F:10@Ca to #1/A:29@Ca,22.101
rmsd #1/A:10@Ca to #1/F:30@Ca,20.740
rmsd #1/F:10@Ca to #1/A:30@Ca,20.673
rmsd #1/A:10@Ca to #1/F:31@Ca,17.283
rmsd #1/F:10@Ca to #1/A:31@Ca,17.179
rmsd #1/A:10@Ca to #1/F:32@Ca,17.602
rmsd #1/F:10@Ca to #1/A:32@Ca,17.532
rmsd #1/A:10@Ca to #1/F:33@Ca,18.749
rmsd #1/F:10@Ca to #1/A:33@Ca,18.691
rmsd #1/A:10@Ca to #1/F:34@Ca,15.891
rmsd #1/F:10@Ca to #1/A:34@Ca,15.824
rmsd #1/A:10@Ca to #1/F:35@Ca,13.498
rmsd #1/F:10@Ca to #1/A:35@Ca,13.411
rmsd #1/A:10@Ca to #1/F:36@Ca,15.719
rmsd #1/F:10@Ca to #1/A:36@Ca,15.590
rmsd #1/A:10@Ca to #1/F:37@Ca,15.886
rmsd #1/F:10@Ca to #1/A:37@Ca,15.776
rmsd #1/A:10@Ca to #1/F:38@Ca,12.169
rmsd #1/F:10@Ca to #1/A:38@Ca,12.049
rmsd #1/A:10@Ca to #1/F:39@Ca,12.543
rmsd #1/F:10@Ca to #1/A:39@Ca,12.274
rmsd #1/A:10@Ca to #1/F:40@Ca,15.615
rmsd #1/F:10@Ca to #1/A:40@Ca,15.241
rmsd #1/A:10@Ca to #1/F:41@Ca,14.340
rmsd #1/F:10@Ca to #1/A:41@Ca,14.209
rmsd #1/A:10@Ca to #1/F:42@Ca,10.913
rmsd #1/F:10@Ca to #1/A:42@Ca,10.984
rmsd #1/A:11@Ca to #1/F:12@Ca,16.347
rmsd #1/F:11@Ca to #1/A:12@Ca,16.341
rmsd #1/A:11@Ca to #1/F:13@Ca,19.801
rmsd #1/F:11@Ca to #1/A:13@Ca,19.781
rmsd #1/A:11@Ca to #1/F:14@Ca,21.098
rmsd #1/F:11@Ca to #1/A:14@Ca,21.098
rmsd #1/A:11@Ca to #1/F:15@Ca,18.558
rmsd #1/F:11@Ca to #1/A:15@Ca,18.515
rmsd #1/A:11@Ca to #1/F:16@Ca,19.805
rmsd #1/F:11@Ca to #1/A:16@Ca,19.774
rmsd #1/A:11@Ca to #1/F:17@Ca,23.312
rmsd #1/F:11@Ca to #1/A:17@Ca,23.282
rmsd #1/A:11@Ca to #1/F:18@Ca,23.109
rmsd #1/F:11@Ca to #1/A:18@Ca,23.029
rmsd #1/A:11@Ca to #1/F:19@Ca,21.979
rmsd #1/F:11@Ca to #1/A:19@Ca,21.792
rmsd #1/A:11@Ca to #1/F:20@Ca,24.869
rmsd #1/F:11@Ca to #1/A:20@Ca,24.750
rmsd #1/A:11@Ca to #1/F:21@Ca,27.190
rmsd #1/F:11@Ca to #1/A:21@Ca,27.041
rmsd #1/A:11@Ca to #1/F:22@Ca,26.391
rmsd #1/F:11@Ca to #1/A:22@Ca,25.971
rmsd #1/A:11@Ca to #1/F:23@Ca,25.105
rmsd #1/F:11@Ca to #1/A:23@Ca,24.936
rmsd #1/A:11@Ca to #1/F:26@Ca,22.733
rmsd #1/F:11@Ca to #1/A:26@Ca,22.498
rmsd #1/A:11@Ca to #1/F:27@Ca,19.354
rmsd #1/F:11@Ca to #1/A:27@Ca,19.109
rmsd #1/A:11@Ca to #1/F:28@Ca,18.221
rmsd #1/F:11@Ca to #1/A:28@Ca,17.996
rmsd #1/A:11@Ca to #1/F:29@Ca,19.675
rmsd #1/F:11@Ca to #1/A:29@Ca,19.618
rmsd #1/A:11@Ca to #1/F:30@Ca,18.217
rmsd #1/F:11@Ca to #1/A:30@Ca,18.183
rmsd #1/A:11@Ca to #1/F:31@Ca,14.624
rmsd #1/F:11@Ca to #1/A:31@Ca,14.557
rmsd #1/A:11@Ca to #1/F:32@Ca,15.523
rmsd #1/F:11@Ca to #1/A:32@Ca,15.498
rmsd #1/A:11@Ca to #1/F:33@Ca,16.980
rmsd #1/F:11@Ca to #1/A:33@Ca,16.987
rmsd #1/A:11@Ca to #1/F:34@Ca,14.023
rmsd #1/F:11@Ca to #1/A:34@Ca,14.012
rmsd #1/A:11@Ca to #1/F:35@Ca,11.987
rmsd #1/F:11@Ca to #1/A:35@Ca,11.938
rmsd #1/A:11@Ca to #1/F:36@Ca,14.920
rmsd #1/F:11@Ca to #1/A:36@Ca,14.861
rmsd #1/A:11@Ca to #1/F:37@Ca,15.198
rmsd #1/F:11@Ca to #1/A:37@Ca,15.157
rmsd #1/A:11@Ca to #1/F:38@Ca,11.717
rmsd #1/F:11@Ca to #1/A:38@Ca,11.665
rmsd #1/A:11@Ca to #1/F:39@Ca,12.901
rmsd #1/F:11@Ca to #1/A:39@Ca,12.690
rmsd #1/A:11@Ca to #1/F:40@Ca,16.139
rmsd #1/F:11@Ca to #1/A:40@Ca,15.867
rmsd #1/A:11@Ca to #1/F:41@Ca,14.929
rmsd #1/F:11@Ca to #1/A:41@Ca,14.880
rmsd #1/A:11@Ca to #1/F:42@Ca,12.103
rmsd #1/F:11@Ca to #1/A:42@Ca,12.348
rmsd #1/A:12@Ca to #1/F:13@Ca,18.644
rmsd #1/F:12@Ca to #1/A:13@Ca,18.634
rmsd #1/A:12@Ca to #1/F:14@Ca,19.413
rmsd #1/F:12@Ca to #1/A:14@Ca,19.433
rmsd #1/A:12@Ca to #1/F:15@Ca,17.014
rmsd #1/F:12@Ca to #1/A:15@Ca,17.005
rmsd #1/A:12@Ca to #1/F:16@Ca,18.936
rmsd #1/F:12@Ca to #1/A:16@Ca,18.940
rmsd #1/A:12@Ca to #1/F:17@Ca,22.141
rmsd #1/F:12@Ca to #1/A:17@Ca,22.143
rmsd #1/A:12@Ca to #1/F:18@Ca,21.571
rmsd #1/F:12@Ca to #1/A:18@Ca,21.530
rmsd #1/A:12@Ca to #1/F:19@Ca,20.935
rmsd #1/F:12@Ca to #1/A:19@Ca,20.801
rmsd #1/A:12@Ca to #1/F:20@Ca,24.087
rmsd #1/F:12@Ca to #1/A:20@Ca,24.023
rmsd #1/A:12@Ca to #1/F:21@Ca,25.963
rmsd #1/F:12@Ca to #1/A:21@Ca,25.877
rmsd #1/A:12@Ca to #1/F:22@Ca,25.194
rmsd #1/F:12@Ca to #1/A:22@Ca,24.843
rmsd #1/A:12@Ca to #1/F:23@Ca,23.422
rmsd #1/F:12@Ca to #1/A:23@Ca,23.293
rmsd #1/A:12@Ca to #1/F:26@Ca,20.418
rmsd #1/F:12@Ca to #1/A:26@Ca,20.209
rmsd #1/A:12@Ca to #1/F:27@Ca,17.356
rmsd #1/F:12@Ca to #1/A:27@Ca,17.152
rmsd #1/A:12@Ca to #1/F:28@Ca,15.829
rmsd #1/F:12@Ca to #1/A:28@Ca,15.618
rmsd #1/A:12@Ca to #1/F:29@Ca,16.805
rmsd #1/F:12@Ca to #1/A:29@Ca,16.761
rmsd #1/A:12@Ca to #1/F:30@Ca,15.574
rmsd #1/F:12@Ca to #1/A:30@Ca,15.555
rmsd #1/A:12@Ca to #1/F:31@Ca,12.029
rmsd #1/F:12@Ca to #1/A:31@Ca,11.970
rmsd #1/A:12@Ca to #1/F:32@Ca,12.273
rmsd #1/F:12@Ca to #1/A:32@Ca,12.247
rmsd #1/A:12@Ca to #1/F:33@Ca,13.756
rmsd #1/F:12@Ca to #1/A:33@Ca,13.760
rmsd #1/A:12@Ca to #1/F:34@Ca,11.158
rmsd #1/F:12@Ca to #1/A:34@Ca,11.157
rmsd #1/A:12@Ca to #1/F:35@Ca,8.559
rmsd #1/F:12@Ca to #1/A:35@Ca,8.519
rmsd #1/A:12@Ca to #1/F:36@Ca,11.330
rmsd #1/F:12@Ca to #1/A:36@Ca,11.268
rmsd #1/A:12@Ca to #1/F:37@Ca,12.090
rmsd #1/F:12@Ca to #1/A:37@Ca,12.061
rmsd #1/A:12@Ca to #1/F:38@Ca,8.822
rmsd #1/F:12@Ca to #1/A:38@Ca,8.787
rmsd #1/A:12@Ca to #1/F:39@Ca,9.610
rmsd #1/F:12@Ca to #1/A:39@Ca,9.379
rmsd #1/A:12@Ca to #1/F:40@Ca,13.111
rmsd #1/F:12@Ca to #1/A:40@Ca,12.841
rmsd #1/A:12@Ca to #1/F:41@Ca,12.585
rmsd #1/F:12@Ca to #1/A:41@Ca,12.551
rmsd #1/A:12@Ca to #1/F:42@Ca,10.156
rmsd #1/F:12@Ca to #1/A:42@Ca,10.379
rmsd #1/A:13@Ca to #1/F:14@Ca,22.901
rmsd #1/F:13@Ca to #1/A:14@Ca,22.933
rmsd #1/A:13@Ca to #1/F:15@Ca,20.405
rmsd #1/F:13@Ca to #1/A:15@Ca,20.409
rmsd #1/A:13@Ca to #1/F:16@Ca,22.443
rmsd #1/F:13@Ca to #1/A:16@Ca,22.463
rmsd #1/A:13@Ca to #1/F:17@Ca,25.599
rmsd #1/F:13@Ca to #1/A:17@Ca,25.611
rmsd #1/A:13@Ca to #1/F:18@Ca,24.732
rmsd #1/F:13@Ca to #1/A:18@Ca,24.704
rmsd #1/A:13@Ca to #1/F:19@Ca,24.016
rmsd #1/F:13@Ca to #1/A:19@Ca,23.895
rmsd #1/A:13@Ca to #1/F:20@Ca,27.320
rmsd #1/F:13@Ca to #1/A:20@Ca,27.266
rmsd #1/A:13@Ca to #1/F:21@Ca,29.054
rmsd #1/F:13@Ca to #1/A:21@Ca,28.966
rmsd #1/A:13@Ca to #1/F:22@Ca,27.978
rmsd #1/F:13@Ca to #1/A:22@Ca,27.625
rmsd #1/A:13@Ca to #1/F:23@Ca,26.093
rmsd #1/F:13@Ca to #1/A:23@Ca,25.971
rmsd #1/A:13@Ca to #1/F:26@Ca,22.977
rmsd #1/F:13@Ca to #1/A:26@Ca,22.790
rmsd #1/A:13@Ca to #1/F:27@Ca,20.112
rmsd #1/F:13@Ca to #1/A:27@Ca,19.930
rmsd #1/A:13@Ca to #1/F:28@Ca,18.051
rmsd #1/F:13@Ca to #1/A:28@Ca,17.864
rmsd #1/A:13@Ca to #1/F:29@Ca,19.023
rmsd #1/F:13@Ca to #1/A:29@Ca,19.008
rmsd #1/A:13@Ca to #1/F:30@Ca,18.376
rmsd #1/F:13@Ca to #1/A:30@Ca,18.383
rmsd #1/A:13@Ca to #1/F:31@Ca,14.794
rmsd #1/F:13@Ca to #1/A:31@Ca,14.765
rmsd #1/A:13@Ca to #1/F:32@Ca,14.354
rmsd #1/F:13@Ca to #1/A:32@Ca,14.358
rmsd #1/A:13@Ca to #1/F:33@Ca,16.229
rmsd #1/F:13@Ca to #1/A:33@Ca,16.255
rmsd #1/A:13@Ca to #1/F:34@Ca,14.182
rmsd #1/F:13@Ca to #1/A:34@Ca,14.207
rmsd #1/A:13@Ca to #1/F:35@Ca,10.996
rmsd #1/F:13@Ca to #1/A:35@Ca,11.002
rmsd #1/A:13@Ca to #1/F:36@Ca,13.192
rmsd #1/F:13@Ca to #1/A:36@Ca,13.157
rmsd #1/A:13@Ca to #1/F:37@Ca,14.572
rmsd #1/F:13@Ca to #1/A:37@Ca,14.573
rmsd #1/A:13@Ca to #1/F:38@Ca,11.416
rmsd #1/F:13@Ca to #1/A:38@Ca,11.411
rmsd #1/A:13@Ca to #1/F:39@Ca,11.005
rmsd #1/F:13@Ca to #1/A:39@Ca,10.787
rmsd #1/A:13@Ca to #1/F:40@Ca,14.688
rmsd #1/F:13@Ca to #1/A:40@Ca,14.409
rmsd #1/A:13@Ca to #1/F:41@Ca,14.673
rmsd #1/F:13@Ca to #1/A:41@Ca,14.650
rmsd #1/A:13@Ca to #1/F:42@Ca,11.848
rmsd #1/F:13@Ca to #1/A:42@Ca,11.959
rmsd #1/A:14@Ca to #1/F:15@Ca,20.663
rmsd #1/F:14@Ca to #1/A:15@Ca,20.628
rmsd #1/A:14@Ca to #1/F:16@Ca,22.239
rmsd #1/F:14@Ca to #1/A:16@Ca,22.223
rmsd #1/A:14@Ca to #1/F:17@Ca,25.596
rmsd #1/F:14@Ca to #1/A:17@Ca,25.568
rmsd #1/A:14@Ca to #1/F:18@Ca,24.701
rmsd #1/F:14@Ca to #1/A:18@Ca,24.633
rmsd #1/A:14@Ca to #1/F:19@Ca,23.416
rmsd #1/F:14@Ca to #1/A:19@Ca,23.253
rmsd #1/A:14@Ca to #1/F:20@Ca,26.663
rmsd #1/F:14@Ca to #1/A:20@Ca,26.557
rmsd #1/A:14@Ca to #1/F:21@Ca,28.633
rmsd #1/F:14@Ca to #1/A:21@Ca,28.473
rmsd #1/A:14@Ca to #1/F:22@Ca,27.244
rmsd #1/F:14@Ca to #1/A:22@Ca,26.825
rmsd #1/A:14@Ca to #1/F:23@Ca,25.757
rmsd #1/F:14@Ca to #1/A:23@Ca,25.600
rmsd #1/A:14@Ca to #1/F:26@Ca,23.304
rmsd #1/F:14@Ca to #1/A:26@Ca,23.105
rmsd #1/A:14@Ca to #1/F:27@Ca,20.178
rmsd #1/F:14@Ca to #1/A:27@Ca,19.968
rmsd #1/A:14@Ca to #1/F:28@Ca,18.229
rmsd #1/F:14@Ca to #1/A:28@Ca,18.051
rmsd #1/A:14@Ca to #1/F:29@Ca,19.904
rmsd #1/F:14@Ca to #1/A:29@Ca,19.900
rmsd #1/A:14@Ca to #1/F:30@Ca,19.377
rmsd #1/F:14@Ca to #1/A:30@Ca,19.384
rmsd #1/A:14@Ca to #1/F:31@Ca,15.590
rmsd #1/F:14@Ca to #1/A:31@Ca,15.571
rmsd #1/A:14@Ca to #1/F:32@Ca,15.781
rmsd #1/F:14@Ca to #1/A:32@Ca,15.815
rmsd #1/A:14@Ca to #1/F:33@Ca,18.097
rmsd #1/F:14@Ca to #1/A:33@Ca,18.152
rmsd #1/A:14@Ca to #1/F:34@Ca,15.938
rmsd #1/F:14@Ca to #1/A:34@Ca,15.967
rmsd #1/A:14@Ca to #1/F:35@Ca,13.127
rmsd #1/F:14@Ca to #1/A:35@Ca,13.131
rmsd #1/A:14@Ca to #1/F:36@Ca,15.917
rmsd #1/F:14@Ca to #1/A:36@Ca,15.908
rmsd #1/A:14@Ca to #1/F:37@Ca,17.282
rmsd #1/F:14@Ca to #1/A:37@Ca,17.285
rmsd #1/A:14@Ca to #1/F:38@Ca,14.171
rmsd #1/F:14@Ca to #1/A:38@Ca,14.153
rmsd #1/A:14@Ca to #1/F:39@Ca,14.373
rmsd #1/F:14@Ca to #1/A:39@Ca,14.163
rmsd #1/A:14@Ca to #1/F:40@Ca,18.056
rmsd #1/F:14@Ca to #1/A:40@Ca,17.795
rmsd #1/A:14@Ca to #1/F:41@Ca,17.782
rmsd #1/F:14@Ca to #1/A:41@Ca,17.745
rmsd #1/A:14@Ca to #1/F:42@Ca,14.991
rmsd #1/F:14@Ca to #1/A:42@Ca,15.142
rmsd #1/A:15@Ca to #1/F:16@Ca,19.295
rmsd #1/F:15@Ca to #1/A:16@Ca,19.315
rmsd #1/A:15@Ca to #1/F:17@Ca,22.492
rmsd #1/F:15@Ca to #1/A:17@Ca,22.497
rmsd #1/A:15@Ca to #1/F:18@Ca,21.290
rmsd #1/F:15@Ca to #1/A:18@Ca,21.257
rmsd #1/A:15@Ca to #1/F:19@Ca,20.034
rmsd #1/F:15@Ca to #1/A:19@Ca,19.909
rmsd #1/A:15@Ca to #1/F:20@Ca,23.428
rmsd #1/F:15@Ca to #1/A:20@Ca,23.356
rmsd #1/A:15@Ca to #1/F:21@Ca,25.178
rmsd #1/F:15@Ca to #1/A:21@Ca,25.048
rmsd #1/A:15@Ca to #1/F:22@Ca,23.666
rmsd #1/F:15@Ca to #1/A:22@Ca,23.283
rmsd #1/A:15@Ca to #1/F:23@Ca,22.066
rmsd #1/F:15@Ca to #1/A:23@Ca,21.944
rmsd #1/A:15@Ca to #1/F:26@Ca,19.633
rmsd #1/F:15@Ca to #1/A:26@Ca,19.481
rmsd #1/A:15@Ca to #1/F:27@Ca,16.564
rmsd #1/F:15@Ca to #1/A:27@Ca,16.398
rmsd #1/A:15@Ca to #1/F:28@Ca,14.495
rmsd #1/F:15@Ca to #1/A:28@Ca,14.366
rmsd #1/A:15@Ca to #1/F:29@Ca,16.367
rmsd #1/F:15@Ca to #1/A:29@Ca,16.418
rmsd #1/A:15@Ca to #1/F:30@Ca,16.071
rmsd #1/F:15@Ca to #1/A:30@Ca,16.134
rmsd #1/A:15@Ca to #1/F:31@Ca,12.259
rmsd #1/F:15@Ca to #1/A:31@Ca,12.302
rmsd #1/A:15@Ca to #1/F:32@Ca,12.603
rmsd #1/F:15@Ca to #1/A:32@Ca,12.708
rmsd #1/A:15@Ca to #1/F:33@Ca,15.280
rmsd #1/F:15@Ca to #1/A:33@Ca,15.413
rmsd #1/A:15@Ca to #1/F:34@Ca,13.420
rmsd #1/F:15@Ca to #1/A:34@Ca,13.518
rmsd #1/A:15@Ca to #1/F:35@Ca,10.794
rmsd #1/F:15@Ca to #1/A:35@Ca,10.860
rmsd #1/A:15@Ca to #1/F:36@Ca,13.949
rmsd #1/F:15@Ca to #1/A:36@Ca,14.020
rmsd #1/A:15@Ca to #1/F:37@Ca,15.628
rmsd #1/F:15@Ca to #1/A:37@Ca,15.704
rmsd #1/A:15@Ca to #1/F:38@Ca,13.057
rmsd #1/F:15@Ca to #1/A:38@Ca,13.106
rmsd #1/A:15@Ca to #1/F:39@Ca,13.645
rmsd #1/F:15@Ca to #1/A:39@Ca,13.495
rmsd #1/A:15@Ca to #1/F:40@Ca,17.335
rmsd #1/F:15@Ca to #1/A:40@Ca,17.172
rmsd #1/A:15@Ca to #1/F:41@Ca,17.396
rmsd #1/F:15@Ca to #1/A:41@Ca,17.427
rmsd #1/A:15@Ca to #1/F:42@Ca,15.283
rmsd #1/F:15@Ca to #1/A:42@Ca,15.526
rmsd #1/A:16@Ca to #1/F:17@Ca,24.465
rmsd #1/F:16@Ca to #1/A:17@Ca,24.445
rmsd #1/A:16@Ca to #1/F:18@Ca,22.869
rmsd #1/F:16@Ca to #1/A:18@Ca,22.807
rmsd #1/A:16@Ca to #1/F:19@Ca,22.009
rmsd #1/F:16@Ca to #1/A:19@Ca,21.859
rmsd #1/A:16@Ca to #1/F:20@Ca,25.597
rmsd #1/F:16@Ca to #1/A:20@Ca,25.504
rmsd #1/A:16@Ca to #1/F:21@Ca,26.897
rmsd #1/F:16@Ca to #1/A:21@Ca,26.742
rmsd #1/A:16@Ca to #1/F:22@Ca,25.271
rmsd #1/F:16@Ca to #1/A:22@Ca,24.862
rmsd #1/A:16@Ca to #1/F:23@Ca,23.228
rmsd #1/F:16@Ca to #1/A:23@Ca,23.058
rmsd #1/A:16@Ca to #1/F:26@Ca,20.225
rmsd #1/F:16@Ca to #1/A:26@Ca,20.034
rmsd #1/A:16@Ca to #1/F:27@Ca,17.665
rmsd #1/F:16@Ca to #1/A:27@Ca,17.474
rmsd #1/A:16@Ca to #1/F:28@Ca,14.946
rmsd #1/F:16@Ca to #1/A:28@Ca,14.764
rmsd #1/A:16@Ca to #1/F:29@Ca,16.303
rmsd #1/F:16@Ca to #1/A:29@Ca,16.316
rmsd #1/A:16@Ca to #1/F:30@Ca,16.641
rmsd #1/F:16@Ca to #1/A:30@Ca,16.677
rmsd #1/A:16@Ca to #1/F:31@Ca,13.037
rmsd #1/F:16@Ca to #1/A:31@Ca,13.044
rmsd #1/A:16@Ca to #1/F:32@Ca,12.252
rmsd #1/F:16@Ca to #1/A:32@Ca,12.324
rmsd #1/A:16@Ca to #1/F:33@Ca,15.149
rmsd #1/F:16@Ca to #1/A:33@Ca,15.262
rmsd #1/A:16@Ca to #1/F:34@Ca,14.043
rmsd #1/F:16@Ca to #1/A:34@Ca,14.140
rmsd #1/A:16@Ca to #1/F:35@Ca,10.758
rmsd #1/F:16@Ca to #1/A:35@Ca,10.848
rmsd #1/A:16@Ca to #1/F:36@Ca,13.190
rmsd #1/F:16@Ca to #1/A:36@Ca,13.285
rmsd #1/A:16@Ca to #1/F:37@Ca,15.593
rmsd #1/F:16@Ca to #1/A:37@Ca,15.711
rmsd #1/A:16@Ca to #1/F:38@Ca,13.381
rmsd #1/F:16@Ca to #1/A:38@Ca,13.483
rmsd #1/A:16@Ca to #1/F:39@Ca,12.954
rmsd #1/F:16@Ca to #1/A:39@Ca,12.855
rmsd #1/A:16@Ca to #1/F:40@Ca,16.741
rmsd #1/F:16@Ca to #1/A:40@Ca,16.631
rmsd #1/A:16@Ca to #1/F:41@Ca,17.560
rmsd #1/F:16@Ca to #1/A:41@Ca,17.655
rmsd #1/A:16@Ca to #1/F:42@Ca,15.559
rmsd #1/F:16@Ca to #1/A:42@Ca,15.783
rmsd #1/A:17@Ca to #1/F:18@Ca,25.943
rmsd #1/F:17@Ca to #1/A:18@Ca,25.907
rmsd #1/A:17@Ca to #1/F:19@Ca,24.709
rmsd #1/F:17@Ca to #1/A:19@Ca,24.590
rmsd #1/A:17@Ca to #1/F:20@Ca,28.231
rmsd #1/F:17@Ca to #1/A:20@Ca,28.161
rmsd #1/A:17@Ca to #1/F:21@Ca,29.714
rmsd #1/F:17@Ca to #1/A:21@Ca,29.571
rmsd #1/A:17@Ca to #1/F:22@Ca,27.854
rmsd #1/F:17@Ca to #1/A:22@Ca,27.466
rmsd #1/A:17@Ca to #1/F:23@Ca,26.085
rmsd #1/F:17@Ca to #1/A:23@Ca,25.955
rmsd #1/A:17@Ca to #1/F:26@Ca,23.484
rmsd #1/F:17@Ca to #1/A:26@Ca,23.336
rmsd #1/A:17@Ca to #1/F:27@Ca,20.823
rmsd #1/F:17@Ca to #1/A:27@Ca,20.667
rmsd #1/A:17@Ca to #1/F:28@Ca,18.140
rmsd #1/F:17@Ca to #1/A:28@Ca,18.017
rmsd #1/A:17@Ca to #1/F:29@Ca,19.813
rmsd #1/F:17@Ca to #1/A:29@Ca,19.864
rmsd #1/A:17@Ca to #1/F:30@Ca,20.233
rmsd #1/F:17@Ca to #1/A:30@Ca,20.291
rmsd #1/A:17@Ca to #1/F:31@Ca,16.566
rmsd #1/F:17@Ca to #1/A:31@Ca,16.599
rmsd #1/A:17@Ca to #1/F:32@Ca,15.980
rmsd #1/F:17@Ca to #1/A:32@Ca,16.071
rmsd #1/A:17@Ca to #1/F:33@Ca,18.928
rmsd #1/F:17@Ca to #1/A:33@Ca,19.040
rmsd #1/A:17@Ca to #1/F:34@Ca,17.687
rmsd #1/F:17@Ca to #1/A:34@Ca,17.770
rmsd #1/A:17@Ca to #1/F:35@Ca,14.454
rmsd #1/F:17@Ca to #1/A:35@Ca,14.520
rmsd #1/A:17@Ca to #1/F:36@Ca,16.851
rmsd #1/F:17@Ca to #1/A:36@Ca,16.910
rmsd #1/A:17@Ca to #1/F:37@Ca,19.132
rmsd #1/F:17@Ca to #1/A:37@Ca,19.203
rmsd #1/A:17@Ca to #1/F:38@Ca,16.623
rmsd #1/F:17@Ca to #1/A:38@Ca,16.666
rmsd #1/A:17@Ca to #1/F:39@Ca,16.070
rmsd #1/F:17@Ca to #1/A:39@Ca,15.907
rmsd #1/A:17@Ca to #1/F:40@Ca,19.877
rmsd #1/F:17@Ca to #1/A:40@Ca,19.682
rmsd #1/A:17@Ca to #1/F:41@Ca,20.484
rmsd #1/F:17@Ca to #1/A:41@Ca,20.503
rmsd #1/A:17@Ca to #1/F:42@Ca,18.027
rmsd #1/F:17@Ca to #1/A:42@Ca,18.150
rmsd #1/A:18@Ca to #1/F:19@Ca,22.607
rmsd #1/F:18@Ca to #1/A:19@Ca,22.525
rmsd #1/A:18@Ca to #1/F:20@Ca,26.040
rmsd #1/F:18@Ca to #1/A:20@Ca,25.998
rmsd #1/A:18@Ca to #1/F:21@Ca,27.651
rmsd #1/F:18@Ca to #1/A:21@Ca,27.515
rmsd #1/A:18@Ca to #1/F:22@Ca,25.532
rmsd #1/F:18@Ca to #1/A:22@Ca,25.160
rmsd #1/A:18@Ca to #1/F:23@Ca,24.135
rmsd #1/F:18@Ca to #1/A:23@Ca,24.044
rmsd #1/A:18@Ca to #1/F:26@Ca,22.215
rmsd #1/F:18@Ca to #1/A:26@Ca,22.128
rmsd #1/A:18@Ca to #1/F:27@Ca,19.381
rmsd #1/F:18@Ca to #1/A:27@Ca,19.276
rmsd #1/A:18@Ca to #1/F:28@Ca,16.922
rmsd #1/F:18@Ca to #1/A:28@Ca,16.880
rmsd #1/A:18@Ca to #1/F:29@Ca,19.233
rmsd #1/F:18@Ca to #1/A:29@Ca,19.355
rmsd #1/A:18@Ca to #1/F:30@Ca,19.708
rmsd #1/F:18@Ca to #1/A:30@Ca,19.831
rmsd #1/A:18@Ca to #1/F:31@Ca,16.014
rmsd #1/F:18@Ca to #1/A:31@Ca,16.124
rmsd #1/A:18@Ca to #1/F:32@Ca,16.117
rmsd #1/F:18@Ca to #1/A:32@Ca,16.290
rmsd #1/A:18@Ca to #1/F:33@Ca,19.322
rmsd #1/F:18@Ca to #1/A:33@Ca,19.516
rmsd #1/A:18@Ca to #1/F:34@Ca,18.006
rmsd #1/F:18@Ca to #1/A:34@Ca,18.153
rmsd #1/A:18@Ca to #1/F:35@Ca,15.293
rmsd #1/F:18@Ca to #1/A:35@Ca,15.407
rmsd #1/A:18@Ca to #1/F:36@Ca,18.220
rmsd #1/F:18@Ca to #1/A:36@Ca,18.344
rmsd #1/A:18@Ca to #1/F:37@Ca,20.371
rmsd #1/F:18@Ca to #1/A:37@Ca,20.494
rmsd #1/A:18@Ca to #1/F:38@Ca,18.001
rmsd #1/F:18@Ca to #1/A:38@Ca,18.084
rmsd #1/A:18@Ca to #1/F:39@Ca,18.141
rmsd #1/F:18@Ca to #1/A:39@Ca,18.017
rmsd #1/A:18@Ca to #1/F:40@Ca,21.918
rmsd #1/F:18@Ca to #1/A:40@Ca,21.783
rmsd #1/A:18@Ca to #1/F:41@Ca,22.290
rmsd #1/F:18@Ca to #1/A:41@Ca,22.344
rmsd #1/A:18@Ca to #1/F:42@Ca,20.042
rmsd #1/F:18@Ca to #1/A:42@Ca,20.258
rmsd #1/A:19@Ca to #1/F:20@Ca,24.745
rmsd #1/F:19@Ca to #1/A:20@Ca,24.781
rmsd #1/A:19@Ca to #1/F:21@Ca,25.878
rmsd #1/F:19@Ca to #1/A:21@Ca,25.817
rmsd #1/A:19@Ca to #1/F:22@Ca,23.612
rmsd #1/F:19@Ca to #1/A:22@Ca,23.314
rmsd #1/A:19@Ca to #1/F:23@Ca,21.857
rmsd #1/F:19@Ca to #1/A:23@Ca,21.827
rmsd #1/A:19@Ca to #1/F:26@Ca,19.661
rmsd #1/F:19@Ca to #1/A:26@Ca,19.663
rmsd #1/A:19@Ca to #1/F:27@Ca,17.248
rmsd #1/F:19@Ca to #1/A:27@Ca,17.242
rmsd #1/A:19@Ca to #1/F:28@Ca,14.331
rmsd #1/F:19@Ca to #1/A:28@Ca,14.383
rmsd #1/A:19@Ca to #1/F:29@Ca,16.519
rmsd #1/F:19@Ca to #1/A:29@Ca,16.743
rmsd #1/A:19@Ca to #1/F:30@Ca,17.593
rmsd #1/F:19@Ca to #1/A:30@Ca,17.826
rmsd #1/A:19@Ca to #1/F:31@Ca,14.151
rmsd #1/F:19@Ca to #1/A:31@Ca,14.375
rmsd #1/A:19@Ca to #1/F:32@Ca,13.787
rmsd #1/F:19@Ca to #1/A:32@Ca,14.081
rmsd #1/A:19@Ca to #1/F:33@Ca,17.310
rmsd #1/F:19@Ca to #1/A:33@Ca,17.632
rmsd #1/A:19@Ca to #1/F:34@Ca,16.685
rmsd #1/F:19@Ca to #1/A:34@Ca,16.960
rmsd #1/A:19@Ca to #1/F:35@Ca,13.972
rmsd #1/F:19@Ca to #1/A:35@Ca,14.215
rmsd #1/A:19@Ca to #1/F:36@Ca,16.667
rmsd #1/F:19@Ca to #1/A:36@Ca,16.933
rmsd #1/A:19@Ca to #1/F:37@Ca,19.294
rmsd #1/F:19@Ca to #1/A:37@Ca,19.562
rmsd #1/A:19@Ca to #1/F:38@Ca,17.550
rmsd #1/F:19@Ca to #1/A:38@Ca,17.771
rmsd #1/A:19@Ca to #1/F:39@Ca,17.519
rmsd #1/F:19@Ca to #1/A:39@Ca,17.530
rmsd #1/A:19@Ca to #1/F:40@Ca,21.202
rmsd #1/F:19@Ca to #1/A:40@Ca,21.231
rmsd #1/A:19@Ca to #1/F:41@Ca,22.114
rmsd #1/F:19@Ca to #1/A:41@Ca,22.312
rmsd #1/A:19@Ca to #1/F:42@Ca,20.400
rmsd #1/F:19@Ca to #1/A:42@Ca,20.728
rmsd #1/A:20@Ca to #1/F:21@Ca,29.416
rmsd #1/F:20@Ca to #1/A:21@Ca,29.329
rmsd #1/A:20@Ca to #1/F:22@Ca,27.104
rmsd #1/F:20@Ca to #1/A:22@Ca,26.792
rmsd #1/A:20@Ca to #1/F:23@Ca,25.169
rmsd #1/F:20@Ca to #1/A:23@Ca,25.115
rmsd #1/A:20@Ca to #1/F:26@Ca,22.676
rmsd #1/F:20@Ca to #1/A:26@Ca,22.650
rmsd #1/A:20@Ca to #1/F:27@Ca,20.559
rmsd #1/F:20@Ca to #1/A:27@Ca,20.518
rmsd #1/A:20@Ca to #1/F:28@Ca,17.370
rmsd #1/F:20@Ca to #1/A:28@Ca,17.380
rmsd #1/A:20@Ca to #1/F:29@Ca,19.134
rmsd #1/F:20@Ca to #1/A:29@Ca,19.318
rmsd #1/A:20@Ca to #1/F:30@Ca,20.477
rmsd #1/F:20@Ca to #1/A:30@Ca,20.654
rmsd #1/A:20@Ca to #1/F:31@Ca,17.151
rmsd #1/F:20@Ca to #1/A:31@Ca,17.302
rmsd #1/A:20@Ca to #1/F:32@Ca,16.130
rmsd #1/F:20@Ca to #1/A:32@Ca,16.359
rmsd #1/A:20@Ca to #1/F:33@Ca,19.586
rmsd #1/F:20@Ca to #1/A:33@Ca,19.837
rmsd #1/A:20@Ca to #1/F:34@Ca,19.230
rmsd #1/F:20@Ca to #1/A:34@Ca,19.430
rmsd #1/A:20@Ca to #1/F:35@Ca,16.086
rmsd #1/F:20@Ca to #1/A:35@Ca,16.269
rmsd #1/A:20@Ca to #1/F:36@Ca,18.224
rmsd #1/F:20@Ca to #1/A:36@Ca,18.430
rmsd #1/A:20@Ca to #1/F:37@Ca,21.133
rmsd #1/F:20@Ca to #1/A:37@Ca,21.339
rmsd #1/A:20@Ca to #1/F:38@Ca,19.354
rmsd #1/F:20@Ca to #1/A:38@Ca,19.507
rmsd #1/A:20@Ca to #1/F:39@Ca,18.605
rmsd #1/F:20@Ca to #1/A:39@Ca,18.561
rmsd #1/A:20@Ca to #1/F:40@Ca,22.312
rmsd #1/F:20@Ca to #1/A:40@Ca,22.271
rmsd #1/A:20@Ca to #1/F:41@Ca,23.548
rmsd #1/F:20@Ca to #1/A:41@Ca,23.678
rmsd #1/A:20@Ca to #1/F:42@Ca,21.622
rmsd #1/F:20@Ca to #1/A:42@Ca,21.816
rmsd #1/A:21@Ca to #1/F:22@Ca,28.022
rmsd #1/F:21@Ca to #1/A:22@Ca,27.821
rmsd #1/A:21@Ca to #1/F:23@Ca,26.531
rmsd #1/F:21@Ca to #1/A:23@Ca,26.612
rmsd #1/A:21@Ca to #1/F:26@Ca,24.695
rmsd #1/F:21@Ca to #1/A:26@Ca,24.796
rmsd #1/A:21@Ca to #1/F:27@Ca,22.346
rmsd #1/F:21@Ca to #1/A:27@Ca,22.407
rmsd #1/A:21@Ca to #1/F:28@Ca,19.438
rmsd #1/F:21@Ca to #1/A:28@Ca,19.582
rmsd #1/A:21@Ca to #1/F:29@Ca,21.697
rmsd #1/F:21@Ca to #1/A:29@Ca,21.988
rmsd #1/A:21@Ca to #1/F:30@Ca,22.915
rmsd #1/F:21@Ca to #1/A:30@Ca,23.168
rmsd #1/A:21@Ca to #1/F:31@Ca,19.478
rmsd #1/F:21@Ca to #1/A:31@Ca,19.698
rmsd #1/A:21@Ca to #1/F:32@Ca,19.022
rmsd #1/F:21@Ca to #1/A:32@Ca,19.315
rmsd #1/A:21@Ca to #1/F:33@Ca,22.527
rmsd #1/F:21@Ca to #1/A:33@Ca,22.824
rmsd #1/A:21@Ca to #1/F:34@Ca,21.855
rmsd #1/F:21@Ca to #1/A:34@Ca,22.067
rmsd #1/A:21@Ca to #1/F:35@Ca,18.945
rmsd #1/F:21@Ca to #1/A:35@Ca,19.117
rmsd #1/A:21@Ca to #1/F:36@Ca,21.441
rmsd #1/F:21@Ca to #1/A:36@Ca,21.632
rmsd #1/A:21@Ca to #1/F:37@Ca,24.100
rmsd #1/F:21@Ca to #1/A:37@Ca,24.271
rmsd #1/A:21@Ca to #1/F:38@Ca,22.056
rmsd #1/F:21@Ca to #1/A:38@Ca,22.147
rmsd #1/A:21@Ca to #1/F:39@Ca,21.648
rmsd #1/F:21@Ca to #1/A:39@Ca,21.528
rmsd #1/A:21@Ca to #1/F:40@Ca,25.421
rmsd #1/F:21@Ca to #1/A:40@Ca,25.298
rmsd #1/A:21@Ca to #1/F:41@Ca,26.293
rmsd #1/F:21@Ca to #1/A:41@Ca,26.333
rmsd #1/A:21@Ca to #1/F:42@Ca,24.116
rmsd #1/F:21@Ca to #1/A:42@Ca,24.228
rmsd #1/A:22@Ca to #1/F:23@Ca,23.674
rmsd #1/F:22@Ca to #1/A:23@Ca,23.964
rmsd #1/A:22@Ca to #1/F:26@Ca,22.273
rmsd #1/F:22@Ca to #1/A:26@Ca,22.621
rmsd #1/A:22@Ca to #1/F:27@Ca,20.096
rmsd #1/F:22@Ca to #1/A:27@Ca,20.415
rmsd #1/A:22@Ca to #1/F:28@Ca,17.231
rmsd #1/F:22@Ca to #1/A:28@Ca,17.643
rmsd #1/A:22@Ca to #1/F:29@Ca,19.822
rmsd #1/F:22@Ca to #1/A:29@Ca,20.362
rmsd #1/A:22@Ca to #1/F:30@Ca,21.337
rmsd #1/F:22@Ca to #1/A:30@Ca,21.855
rmsd #1/A:22@Ca to #1/F:31@Ca,18.143
rmsd #1/F:22@Ca to #1/A:31@Ca,18.637
rmsd #1/A:22@Ca to #1/F:32@Ca,17.965
rmsd #1/F:22@Ca to #1/A:32@Ca,18.518
rmsd #1/A:22@Ca to #1/F:33@Ca,21.655
rmsd #1/F:22@Ca to #1/A:33@Ca,22.226
rmsd #1/A:22@Ca to #1/F:34@Ca,21.264
rmsd #1/F:22@Ca to #1/A:34@Ca,21.751
rmsd #1/A:22@Ca to #1/F:35@Ca,18.784
rmsd #1/F:22@Ca to #1/A:35@Ca,19.206
rmsd #1/A:22@Ca to #1/F:36@Ca,21.457
rmsd #1/F:22@Ca to #1/A:36@Ca,21.907
rmsd #1/A:22@Ca to #1/F:37@Ca,24.169
rmsd #1/F:22@Ca to #1/A:37@Ca,24.610
rmsd #1/A:22@Ca to #1/F:38@Ca,22.523
rmsd #1/F:22@Ca to #1/A:38@Ca,22.875
rmsd #1/A:22@Ca to #1/F:39@Ca,22.502
rmsd #1/F:22@Ca to #1/A:39@Ca,22.628
rmsd #1/A:22@Ca to #1/F:40@Ca,26.175
rmsd #1/F:22@Ca to #1/A:40@Ca,26.332
rmsd #1/A:22@Ca to #1/F:41@Ca,27.116
rmsd #1/F:22@Ca to #1/A:41@Ca,27.423
rmsd #1/A:22@Ca to #1/F:42@Ca,25.344
rmsd #1/F:22@Ca to #1/A:42@Ca,25.742
rmsd #1/A:23@Ca to #1/F:26@Ca,22.068
rmsd #1/F:23@Ca to #1/A:26@Ca,22.098
rmsd #1/A:23@Ca to #1/F:27@Ca,19.399
rmsd #1/F:23@Ca to #1/A:27@Ca,19.412
rmsd #1/A:23@Ca to #1/F:28@Ca,17.086
rmsd #1/F:23@Ca to #1/A:28@Ca,17.187
rmsd #1/A:23@Ca to #1/F:29@Ca,20.031
rmsd #1/F:23@Ca to #1/A:29@Ca,20.255
rmsd #1/A:23@Ca to #1/F:30@Ca,20.953
rmsd #1/F:23@Ca to #1/A:30@Ca,21.180
rmsd #1/A:23@Ca to #1/F:31@Ca,17.561
rmsd #1/F:23@Ca to #1/A:31@Ca,17.785
rmsd #1/A:23@Ca to #1/F:32@Ca,18.119
rmsd #1/F:23@Ca to #1/A:32@Ca,18.388
rmsd #1/A:23@Ca to #1/F:33@Ca,21.617
rmsd #1/F:23@Ca to #1/A:33@Ca,21.914
rmsd #1/A:23@Ca to #1/F:34@Ca,20.633
rmsd #1/F:23@Ca to #1/A:34@Ca,20.870
rmsd #1/A:23@Ca to #1/F:35@Ca,18.472
rmsd #1/F:23@Ca to #1/A:35@Ca,18.649
rmsd #1/A:23@Ca to #1/F:36@Ca,21.589
rmsd #1/F:23@Ca to #1/A:36@Ca,21.789
rmsd #1/A:23@Ca to #1/F:37@Ca,23.821
rmsd #1/F:23@Ca to #1/A:37@Ca,24.020
rmsd #1/A:23@Ca to #1/F:38@Ca,21.852
rmsd #1/F:23@Ca to #1/A:38@Ca,21.998
rmsd #1/A:23@Ca to #1/F:39@Ca,22.367
rmsd #1/F:23@Ca to #1/A:39@Ca,22.298
rmsd #1/A:23@Ca to #1/F:40@Ca,26.049
rmsd #1/F:23@Ca to #1/A:40@Ca,25.995
rmsd #1/A:23@Ca to #1/F:41@Ca,26.464
rmsd #1/F:23@Ca to #1/A:41@Ca,26.580
rmsd #1/A:23@Ca to #1/F:42@Ca,24.533
rmsd #1/F:23@Ca to #1/A:42@Ca,24.830
rmsd #1/A:26@Ca to #1/F:27@Ca,18.164
rmsd #1/F:26@Ca to #1/A:27@Ca,18.151
rmsd #1/A:26@Ca to #1/F:28@Ca,16.707
rmsd #1/F:26@Ca to #1/A:28@Ca,16.779
rmsd #1/A:26@Ca to #1/F:29@Ca,19.781
rmsd #1/F:26@Ca to #1/A:29@Ca,19.993
rmsd #1/A:26@Ca to #1/F:30@Ca,19.732
rmsd #1/F:26@Ca to #1/A:30@Ca,19.975
rmsd #1/A:26@Ca to #1/F:31@Ca,16.186
rmsd #1/F:26@Ca to #1/A:31@Ca,16.439
rmsd #1/A:26@Ca to #1/F:32@Ca,17.646
rmsd #1/F:26@Ca to #1/A:32@Ca,17.935
rmsd #1/A:26@Ca to #1/F:33@Ca,20.630
rmsd #1/F:26@Ca to #1/A:33@Ca,20.964
rmsd #1/A:26@Ca to #1/F:34@Ca,18.810
rmsd #1/F:26@Ca to #1/A:34@Ca,19.105
rmsd #1/A:26@Ca to #1/F:35@Ca,17.170
rmsd #1/F:26@Ca to #1/A:35@Ca,17.398
rmsd #1/A:26@Ca to #1/F:36@Ca,20.710
rmsd #1/F:26@Ca to #1/A:36@Ca,20.957
rmsd #1/A:26@Ca to #1/F:37@Ca,22.164
rmsd #1/F:26@Ca to #1/A:37@Ca,22.418
rmsd #1/A:26@Ca to #1/F:38@Ca,19.815
rmsd #1/F:26@Ca to #1/A:38@Ca,20.035
rmsd #1/A:26@Ca to #1/F:39@Ca,21.065
rmsd #1/F:26@Ca to #1/A:39@Ca,21.080
rmsd #1/A:26@Ca to #1/F:40@Ca,24.601
rmsd #1/F:26@Ca to #1/A:40@Ca,24.621
rmsd #1/A:26@Ca to #1/F:41@Ca,24.279
rmsd #1/F:26@Ca to #1/A:41@Ca,24.479
rmsd #1/A:26@Ca to #1/F:42@Ca,22.238
rmsd #1/F:26@Ca to #1/A:42@Ca,22.697
rmsd #1/A:27@Ca to #1/F:28@Ca,13.234
rmsd #1/F:27@Ca to #1/A:28@Ca,13.309
rmsd #1/A:27@Ca to #1/F:29@Ca,16.116
rmsd #1/F:27@Ca to #1/A:29@Ca,16.348
rmsd #1/A:27@Ca to #1/F:30@Ca,16.072
rmsd #1/F:27@Ca to #1/A:30@Ca,16.338
rmsd #1/A:27@Ca to #1/F:31@Ca,12.467
rmsd #1/F:27@Ca to #1/A:31@Ca,12.741
rmsd #1/A:27@Ca to #1/F:32@Ca,13.817
rmsd #1/F:27@Ca to #1/A:32@Ca,14.130
rmsd #1/A:27@Ca to #1/F:33@Ca,16.831
rmsd #1/F:27@Ca to #1/A:33@Ca,17.188
rmsd #1/A:27@Ca to #1/F:34@Ca,15.167
rmsd #1/F:27@Ca to #1/A:34@Ca,15.483
rmsd #1/A:27@Ca to #1/F:35@Ca,13.518
rmsd #1/F:27@Ca to #1/A:35@Ca,13.763
rmsd #1/A:27@Ca to #1/F:36@Ca,17.060
rmsd #1/F:27@Ca to #1/A:36@Ca,17.328
rmsd #1/A:27@Ca to #1/F:37@Ca,18.640
rmsd #1/F:27@Ca to #1/A:37@Ca,18.913
rmsd #1/A:27@Ca to #1/F:38@Ca,16.570
rmsd #1/F:27@Ca to #1/A:38@Ca,16.800
rmsd #1/A:27@Ca to #1/F:39@Ca,17.854
rmsd #1/F:27@Ca to #1/A:39@Ca,17.878
rmsd #1/A:27@Ca to #1/F:40@Ca,21.327
rmsd #1/F:27@Ca to #1/A:40@Ca,21.374
rmsd #1/A:27@Ca to #1/F:41@Ca,21.251
rmsd #1/F:27@Ca to #1/A:41@Ca,21.461
rmsd #1/A:27@Ca to #1/F:42@Ca,19.563
rmsd #1/F:27@Ca to #1/A:42@Ca,20.018
rmsd #1/A:28@Ca to #1/F:29@Ca,15.792
rmsd #1/F:28@Ca to #1/A:29@Ca,15.926
rmsd #1/A:28@Ca to #1/F:30@Ca,15.356
rmsd #1/F:28@Ca to #1/A:30@Ca,15.554
rmsd #1/A:28@Ca to #1/F:31@Ca,12.124
rmsd #1/F:28@Ca to #1/A:31@Ca,12.343
rmsd #1/A:28@Ca to #1/F:32@Ca,14.399
rmsd #1/F:28@Ca to #1/A:32@Ca,14.628
rmsd #1/A:28@Ca to #1/F:33@Ca,17.076
rmsd #1/F:28@Ca to #1/A:33@Ca,17.378
rmsd #1/A:28@Ca to #1/F:34@Ca,15.239
rmsd #1/F:28@Ca to #1/A:34@Ca,15.516
rmsd #1/A:28@Ca to #1/F:35@Ca,14.527
rmsd #1/F:28@Ca to #1/A:35@Ca,14.707
rmsd #1/A:28@Ca to #1/F:36@Ca,18.243
rmsd #1/F:28@Ca to #1/A:36@Ca,18.459
rmsd #1/A:28@Ca to #1/F:37@Ca,19.336
rmsd #1/F:28@Ca to #1/A:37@Ca,19.575
rmsd #1/A:28@Ca to #1/F:38@Ca,17.537
rmsd #1/F:28@Ca to #1/A:38@Ca,17.750
rmsd #1/A:28@Ca to #1/F:39@Ca,19.489
rmsd #1/F:28@Ca to #1/A:39@Ca,19.505
rmsd #1/A:28@Ca to #1/F:40@Ca,22.640
rmsd #1/F:28@Ca to #1/A:40@Ca,22.696
rmsd #1/A:28@Ca to #1/F:41@Ca,22.228
rmsd #1/F:28@Ca to #1/A:41@Ca,22.442
rmsd #1/A:28@Ca to #1/F:42@Ca,20.900
rmsd #1/F:28@Ca to #1/A:42@Ca,21.421
rmsd #1/A:29@Ca to #1/F:30@Ca,18.051
rmsd #1/F:29@Ca to #1/A:30@Ca,18.086
rmsd #1/A:29@Ca to #1/F:31@Ca,14.734
rmsd #1/F:29@Ca to #1/A:31@Ca,14.786
rmsd #1/A:29@Ca to #1/F:32@Ca,17.111
rmsd #1/F:29@Ca to #1/A:32@Ca,17.206
rmsd #1/A:29@Ca to #1/F:33@Ca,19.432
rmsd #1/F:29@Ca to #1/A:33@Ca,19.578
rmsd #1/A:29@Ca to #1/F:34@Ca,17.021
rmsd #1/F:29@Ca to #1/A:34@Ca,17.134
rmsd #1/A:29@Ca to #1/F:35@Ca,16.280
rmsd #1/F:29@Ca to #1/A:35@Ca,16.331
rmsd #1/A:29@Ca to #1/F:36@Ca,20.038
rmsd #1/F:29@Ca to #1/A:36@Ca,20.123
rmsd #1/A:29@Ca to #1/F:37@Ca,20.680
rmsd #1/F:29@Ca to #1/A:37@Ca,20.767
rmsd #1/A:29@Ca to #1/F:38@Ca,18.343
rmsd #1/F:29@Ca to #1/A:38@Ca,18.419
rmsd #1/A:29@Ca to #1/F:39@Ca,20.430
rmsd #1/F:29@Ca to #1/A:39@Ca,20.343
rmsd #1/A:29@Ca to #1/F:40@Ca,23.574
rmsd #1/F:29@Ca to #1/A:40@Ca,23.489
rmsd #1/A:29@Ca to #1/F:41@Ca,22.632
rmsd #1/F:29@Ca to #1/A:41@Ca,22.712
rmsd #1/A:29@Ca to #1/F:42@Ca,20.869
rmsd #1/F:29@Ca to #1/A:42@Ca,21.302
rmsd #1/A:30@Ca to #1/F:31@Ca,13.351
rmsd #1/F:30@Ca to #1/A:31@Ca,13.349
rmsd #1/A:30@Ca to #1/F:32@Ca,15.289
rmsd #1/F:30@Ca to #1/A:32@Ca,15.339
rmsd #1/A:30@Ca to #1/F:33@Ca,17.437
rmsd #1/F:30@Ca to #1/A:33@Ca,17.539
rmsd #1/A:30@Ca to #1/F:34@Ca,14.787
rmsd #1/F:30@Ca to #1/A:34@Ca,14.864
rmsd #1/A:30@Ca to #1/F:35@Ca,13.575
rmsd #1/F:30@Ca to #1/A:35@Ca,13.597
rmsd #1/A:30@Ca to #1/F:36@Ca,17.233
rmsd #1/F:30@Ca to #1/A:36@Ca,17.281
rmsd #1/A:30@Ca to #1/F:37@Ca,17.837
rmsd #1/F:30@Ca to #1/A:37@Ca,17.895
rmsd #1/A:30@Ca to #1/F:38@Ca,15.157
rmsd #1/F:30@Ca to #1/A:38@Ca,15.210
rmsd #1/A:30@Ca to #1/F:39@Ca,17.037
rmsd #1/F:30@Ca to #1/A:39@Ca,16.924
rmsd #1/A:30@Ca to #1/F:40@Ca,20.269
rmsd #1/F:30@Ca to #1/A:40@Ca,20.145
rmsd #1/A:30@Ca to #1/F:41@Ca,19.309
rmsd #1/F:30@Ca to #1/A:41@Ca,19.370
rmsd #1/A:30@Ca to #1/F:42@Ca,17.300
rmsd #1/F:30@Ca to #1/A:42@Ca,17.704
rmsd #1/A:31@Ca to #1/F:32@Ca,12.381
rmsd #1/F:31@Ca to #1/A:32@Ca,12.422
rmsd #1/A:31@Ca to #1/F:33@Ca,14.281
rmsd #1/F:31@Ca to #1/A:33@Ca,14.399
rmsd #1/A:31@Ca to #1/F:34@Ca,11.639
rmsd #1/F:31@Ca to #1/A:34@Ca,11.745
rmsd #1/A:31@Ca to #1/F:35@Ca,11.120
rmsd #1/F:31@Ca to #1/A:35@Ca,11.148
rmsd #1/A:31@Ca to #1/F:36@Ca,14.888
rmsd #1/F:31@Ca to #1/A:36@Ca,14.955
rmsd #1/A:31@Ca to #1/F:37@Ca,15.311
rmsd #1/F:31@Ca to #1/A:37@Ca,15.403
rmsd #1/A:31@Ca to #1/F:38@Ca,13.174
rmsd #1/F:31@Ca to #1/A:38@Ca,13.267
rmsd #1/A:31@Ca to #1/F:39@Ca,15.546
rmsd #1/F:31@Ca to #1/A:39@Ca,15.473
rmsd #1/A:31@Ca to #1/F:40@Ca,18.476
rmsd #1/F:31@Ca to #1/A:40@Ca,18.423
rmsd #1/A:31@Ca to #1/F:41@Ca,17.619
rmsd #1/F:31@Ca to #1/A:41@Ca,17.730
rmsd #1/A:31@Ca to #1/F:42@Ca,16.309
rmsd #1/F:31@Ca to #1/A:42@Ca,16.783
rmsd #1/A:32@Ca to #1/F:33@Ca,16.857
rmsd #1/F:32@Ca to #1/A:33@Ca,16.926
rmsd #1/A:32@Ca to #1/F:34@Ca,13.952
rmsd #1/F:32@Ca to #1/A:34@Ca,14.000
rmsd #1/A:32@Ca to #1/F:35@Ca,14.164
rmsd #1/F:32@Ca to #1/A:35@Ca,14.140
rmsd #1/A:32@Ca to #1/F:36@Ca,17.858
rmsd #1/F:32@Ca to #1/A:36@Ca,17.879
rmsd #1/A:32@Ca to #1/F:37@Ca,17.678
rmsd #1/F:32@Ca to #1/A:37@Ca,17.713
rmsd #1/A:32@Ca to #1/F:38@Ca,15.553
rmsd #1/F:32@Ca to #1/A:38@Ca,15.593
rmsd #1/A:32@Ca to #1/F:39@Ca,18.360
rmsd #1/F:32@Ca to #1/A:39@Ca,18.267
rmsd #1/A:32@Ca to #1/F:40@Ca,20.957
rmsd #1/F:32@Ca to #1/A:40@Ca,20.876
rmsd #1/A:32@Ca to #1/F:41@Ca,19.554
rmsd #1/F:32@Ca to #1/A:41@Ca,19.624
rmsd #1/A:32@Ca to #1/F:42@Ca,18.301
rmsd #1/F:32@Ca to #1/A:42@Ca,18.778
rmsd #1/A:33@Ca to #1/F:34@Ca,14.854
rmsd #1/F:33@Ca to #1/A:34@Ca,14.837
rmsd #1/A:33@Ca to #1/F:35@Ca,14.571
rmsd #1/F:33@Ca to #1/A:35@Ca,14.489
rmsd #1/A:33@Ca to #1/F:36@Ca,18.096
rmsd #1/F:33@Ca to #1/A:36@Ca,18.052
rmsd #1/A:33@Ca to #1/F:37@Ca,17.656
rmsd #1/F:33@Ca to #1/A:37@Ca,17.635
rmsd #1/A:33@Ca to #1/F:38@Ca,14.884
rmsd #1/F:33@Ca to #1/A:38@Ca,14.869
rmsd #1/A:33@Ca to #1/F:39@Ca,17.503
rmsd #1/F:33@Ca to #1/A:39@Ca,17.364
rmsd #1/A:33@Ca to #1/F:40@Ca,20.142
rmsd #1/F:33@Ca to #1/A:40@Ca,19.991
rmsd #1/A:33@Ca to #1/F:41@Ca,18.344
rmsd #1/F:33@Ca to #1/A:41@Ca,18.375
rmsd #1/A:33@Ca to #1/F:42@Ca,16.503
rmsd #1/F:33@Ca to #1/A:42@Ca,16.947
rmsd #1/A:34@Ca to #1/F:35@Ca,11.101
rmsd #1/F:34@Ca to #1/A:35@Ca,11.045
rmsd #1/A:34@Ca to #1/F:36@Ca,14.479
rmsd #1/F:34@Ca to #1/A:36@Ca,14.463
rmsd #1/A:34@Ca to #1/F:37@Ca,13.864
rmsd #1/F:34@Ca to #1/A:37@Ca,13.870
rmsd #1/A:34@Ca to #1/F:38@Ca,11.080
rmsd #1/F:34@Ca to #1/A:38@Ca,11.096
rmsd #1/A:34@Ca to #1/F:39@Ca,13.845
rmsd #1/F:34@Ca to #1/A:39@Ca,13.749
rmsd #1/A:34@Ca to #1/F:40@Ca,16.366
rmsd #1/F:34@Ca to #1/A:40@Ca,16.254
rmsd #1/A:34@Ca to #1/F:41@Ca,14.634
rmsd #1/F:34@Ca to #1/A:41@Ca,14.696
rmsd #1/A:34@Ca to #1/F:42@Ca,13.029
rmsd #1/F:34@Ca to #1/A:42@Ca,13.512
rmsd #1/A:35@Ca to #1/F:36@Ca,15.287
rmsd #1/F:35@Ca to #1/A:36@Ca,15.333
rmsd #1/A:35@Ca to #1/F:37@Ca,14.200
rmsd #1/F:35@Ca to #1/A:37@Ca,14.245
rmsd #1/A:35@Ca to #1/F:38@Ca,12.182
rmsd #1/F:35@Ca to #1/A:38@Ca,12.235
rmsd #1/A:35@Ca to #1/F:39@Ca,15.513
rmsd #1/F:35@Ca to #1/A:39@Ca,15.486
rmsd #1/A:35@Ca to #1/F:40@Ca,17.481
rmsd #1/F:35@Ca to #1/A:40@Ca,17.454
rmsd #1/A:35@Ca to #1/F:41@Ca,15.613
rmsd #1/F:35@Ca to #1/A:41@Ca,15.699
rmsd #1/A:35@Ca to #1/F:42@Ca,14.830
rmsd #1/F:35@Ca to #1/A:42@Ca,15.351
rmsd #1/A:36@Ca to #1/F:37@Ca,16.994
rmsd #1/F:36@Ca to #1/A:37@Ca,17.004
rmsd #1/A:36@Ca to #1/F:38@Ca,14.643
rmsd #1/F:36@Ca to #1/A:38@Ca,14.653
rmsd #1/A:36@Ca to #1/F:39@Ca,17.935
rmsd #1/F:36@Ca to #1/A:39@Ca,17.878
rmsd #1/A:36@Ca to #1/F:40@Ca,19.718
rmsd #1/F:36@Ca to #1/A:40@Ca,19.654
rmsd #1/A:36@Ca to #1/F:41@Ca,17.289
rmsd #1/F:36@Ca to #1/A:41@Ca,17.352
rmsd #1/A:36@Ca to #1/F:42@Ca,16.148
rmsd #1/F:36@Ca to #1/A:42@Ca,16.648
rmsd #1/A:37@Ca to #1/F:38@Ca,12.487
rmsd #1/F:37@Ca to #1/A:38@Ca,12.491
rmsd #1/A:37@Ca to #1/F:39@Ca,15.536
rmsd #1/F:37@Ca to #1/A:39@Ca,15.496
rmsd #1/A:37@Ca to #1/F:40@Ca,17.225
rmsd #1/F:37@Ca to #1/A:40@Ca,17.147
rmsd #1/A:37@Ca to #1/F:41@Ca,14.505
rmsd #1/F:37@Ca to #1/A:41@Ca,14.570
rmsd #1/A:37@Ca to #1/F:42@Ca,12.951
rmsd #1/F:37@Ca to #1/A:42@Ca,13.456
rmsd #1/A:38@Ca to #1/F:39@Ca,13.764
rmsd #1/F:38@Ca to #1/A:39@Ca,13.752
rmsd #1/A:38@Ca to #1/F:40@Ca,14.915
rmsd #1/F:38@Ca to #1/A:40@Ca,14.884
rmsd #1/A:38@Ca to #1/F:41@Ca,12.209
rmsd #1/F:38@Ca to #1/A:41@Ca,12.281
rmsd #1/A:38@Ca to #1/F:42@Ca,11.604
rmsd #1/F:38@Ca to #1/A:42@Ca,12.119
rmsd #1/A:39@Ca to #1/F:40@Ca,18.174
rmsd #1/F:39@Ca to #1/A:40@Ca,18.160
rmsd #1/A:39@Ca to #1/F:41@Ca,15.316
rmsd #1/F:39@Ca to #1/A:41@Ca,15.342
rmsd #1/A:39@Ca to #1/F:42@Ca,15.055
rmsd #1/F:39@Ca to #1/A:42@Ca,15.487
rmsd #1/A:40@Ca to #1/F:41@Ca,15.615
rmsd #1/F:40@Ca to #1/A:41@Ca,15.691
rmsd #1/A:40@Ca to #1/F:42@Ca,14.785
rmsd #1/F:40@Ca to #1/A:42@Ca,15.215
rmsd #1/A:41@Ca to #1/F:42@Ca,11.507
rmsd #1/F:41@Ca to #1/A:42@Ca,11.897
